{
  "r_squared": 0.23323026821297432,
  "interaction_ratio": 0.7667697317870257,
  "num_samples": 1204,
  "action_dim": 70,
  "eval_horizon": 10,
  "K": 2,
  "M": 2,
  "num_buckets": 2,
  "per_bucket": [
    {
      "bucket": 0,
      "progress_pct": "0%",
      "num_samples": 602,
      "interaction_ratio": 0.8852733782388974,
      "r_squared": 0.1147266217611026
    },
    {
      "bucket": 1,
      "progress_pct": "100%",
      "num_samples": 602,
      "interaction_ratio": 0.7131640937885819,
      "r_squared": 0.2868359062114181
    }
  ],
  "per_dim_r2": [
    -0.02652452542368211,
    0.0807287272411602,
    0.13724388046645342,
    0.396573379570871,
    0.45501490090575913,
    0.5208732062981527,
    0.05358898138381174,
    -0.010517783517235202,
    0.1343834945479382,
    0.11770019505900409,
    0.39678742286021706,
    0.45400541487006074,
    0.5206583331519061,
    0.1453519998359284,
    -0.06980416458580763,
    0.07193645273276672,
    0.11327706937415793,
    0.39721408619947773,
    0.45385142795814615,
    0.5212532290921739,
    -0.42131000108300687,
    -0.08745920566124621,
    0.06641459583090048,
    0.11783462567845826,
    0.3983082619214976,
    0.45621759185474264,
    0.5235294283736796,
    -0.14159414189372033,
    -0.06715755256900358,
    -0.09121507644321647,
    0.19670215196276852,
    0.39874924649728083,
    0.4568292398955818,
    0.5177454987524237,
    0.13848381335283177,
    0.0023452496850105975,
    -0.09189974920024824,
    0.2212420564609121,
    0.3985407212929155,
    0.4570239517352972,
    0.5085948229133761,
    0.21372381760005232,
    0.03920510059323579,
    -0.042028765742982976,
    0.20244384867596255,
    0.39926925374626554,
    0.4579352866650812,
    0.5158903558230725,
    0.2752497446112143,
    0.07917701613663963,
    -0.08430338930646752,
    0.21896725974886877,
    0.40010758611821595,
    0.4577672465908519,
    0.5160971562891564,
    0.28991324274499664,
    0.04768198288153458,
    -0.08710535345607351,
    0.21106367656557878,
    0.3981572713807968,
    0.45715419829427817,
    0.5182349521009024,
    0.31034957386878137,
    -0.02541192976010498,
    -0.1351311379576814,
    0.20477417272362408,
    0.3952479558843114,
    0.4569233949894469,
    0.5163614491445718,
    0.29688275470206704
  ],
  "normalization": {
    "mean": [
      0.31702059945557187,
      -0.16441040587218267,
      -1.1328722944967158,
      -3.1152573976898714,
      0.042476592548873114,
      0.0933704608293532,
      -0.5543244920433321,
      0.32089702662475433,
      -0.15878248255823466,
      -1.1329465155043035,
      -3.115228542216468,
      0.04218402659152577,
      0.09314070948848077,
      -0.6030080803117808,
      0.3138637834785741,
      -0.1794402320337416,
      -1.11716674733348,
      -3.1152356303604676,
      0.042114826119346464,
      0.09300034116734124,
      -0.8042304346421465,
      0.31177754117591394,
      -0.1568283301712541,
      -1.1241521640647587,
      -3.1152351492166637,
      0.04187984782981684,
      0.09271720237306569,
      -0.8434437771521985,
      0.333184310627612,
      -0.1303784773111743,
      -1.1354028560272797,
      -3.115346545572989,
      0.041875131465023925,
      0.09301061897497075,
      -0.8484189847798442,
      0.3523160509541996,
      -0.10955411544424815,
      -1.1403932496710605,
      -3.115309706674808,
      0.04175896932469317,
      0.0934283929205559,
      -0.8550197047077861,
      0.3612741291307756,
      -0.081250044691644,
      -1.1527966267652554,
      -3.1152813842867704,
      0.04170265289302028,
      0.09450343607673486,
      -0.8583583499648925,
      0.36425750218134134,
      -0.07358180312264666,
      -1.1612784053964957,
      -3.1153287691489044,
      0.04171267172893981,
      0.09519697417602935,
      -0.8582851175124039,
      0.36776278199305035,
      -0.056824868518476124,
      -1.1753334237008919,
      -3.115170412943861,
      0.04170495643419797,
      0.09510223004899893,
      -0.8614613357999593,
      0.36332475743376963,
      -0.04590765602002348,
      -1.1862793166020318,
      -3.114497415638123,
      0.04160647210853711,
      0.09502609921888182,
      -0.8630513859757498
    ],
    "std": [
      0.47312485698158524,
      0.5378929517241252,
      0.38592551693136823,
      0.1829308887351104,
      0.3975800084563949,
      0.2854155100639128,
      0.8315063520579228,
      0.4729247051563292,
      0.5256290451338355,
      0.38854608447643213,
      0.1828906491116233,
      0.39771513447789,
      0.2860201672451549,
      0.797276724206601,
      0.4404750901579235,
      0.4858373163687079,
      0.36968036416134414,
      0.18282271941234488,
      0.3980315451067181,
      0.28588414869545997,
      0.5921785645379101,
      0.4447925451008026,
      0.47895214053338886,
      0.3808626891910372,
      0.18296008816100098,
      0.39825218591113726,
      0.28683573595092304,
      0.5357739288833964,
      0.4786417496558865,
      0.44994501040021634,
      0.39447164614855923,
      0.1828722853719065,
      0.3982291866392843,
      0.28652450386289274,
      0.5283604019275623,
      0.49800067694765077,
      0.42999342389465517,
      0.4007540106095182,
      0.18294806951463066,
      0.3983904062949575,
      0.28617830368618913,
      0.5171867772095505,
      0.5116438199481718,
      0.41076613167800324,
      0.4136919666427496,
      0.1830109703451386,
      0.39844831758566945,
      0.2859425824560442,
      0.5121182850067,
      0.5095872735587869,
      0.4096252403001797,
      0.4201477617204856,
      0.1830267689877639,
      0.39840096247728685,
      0.28554674337306596,
      0.512042429129169,
      0.5096937026255525,
      0.397707316855266,
      0.4284456805614119,
      0.18298171078042,
      0.39817076750718006,
      0.2855871173915993,
      0.5064197478696356,
      0.5099381171236801,
      0.3850954186903954,
      0.44106819225878857,
      0.18374684727223095,
      0.398200915372503,
      0.2849466888741703,
      0.5036825955423906
    ]
  }
}